textPayload,insertId,resource.type,resource.labels.location,resource.labels.service_name,resource.labels.project_id,resource.labels.revision_name,resource.labels.configuration_name,timestamp,labels.instanceId,logName,receiveTimestamp,httpRequest.requestMethod,httpRequest.requestUrl,httpRequest.requestSize,httpRequest.status,httpRequest.responseSize,httpRequest.userAgent,httpRequest.remoteIp,httpRequest.serverIp,httpRequest.latency,httpRequest.protocol,severity,trace
? ? ? ? BFN Web API (Kotlin) started ? ? ? ? ?? isRunning: true ??,5e318b3f0005e498a75cb221,cloud_run_revision,europe-west1,bfnwebinvestor,bfn-mobile-backend,bfnwebinvestor-00004-xug,bfnwebinvestor,2020-01-29T13:40:15.386200Z,00bf4bf02d29e83b514ccb2fd7851ccc7884ce4042e7df82fadade231b227a821fadbac7956b370b2cbe2a1a894432f7cb92d96e1964ed042344a45b86,projects/bfn-mobile-backend/logs/run.googleapis.com%2Fstdout,2020-01-29T13:40:15.574806899Z,,,,,,,,,,,,
"INFO: ? ? ? WE ARE DONE STARTING UP!!! ? ? ? ? ",5e318b3e000f0cfa67762a3b,cloud_run_revision,europe-west1,bfnwebinvestor,bfn-mobile-backend,bfnwebinvestor-00004-xug,bfnwebinvestor,2020-01-29T13:40:14.986362Z,00bf4bf02d29e83b514ccb2fd7851ccc7884ce4042e7df82fadade231b227a821fadbac7956b370b2cbe2a1a894432f7cb92d96e1964ed042344a45b86,projects/bfn-mobile-backend/logs/run.googleapis.com%2Fstderr,2020-01-29T13:40:15.032449542Z,,,,,,,,,,,,
"Jan 29, 2020 1:40:14 PM com.bfn.client.web.ApiApp onApplicationEvent",5e318b3e000f0cdd69a65a40,cloud_run_revision,europe-west1,bfnwebinvestor,bfn-mobile-backend,bfnwebinvestor-00004-xug,bfnwebinvestor,2020-01-29T13:40:14.986333Z,00bf4bf02d29e83b514ccb2fd7851ccc7884ce4042e7df82fadade231b227a821fadbac7956b370b2cbe2a1a894432f7cb92d96e1964ed042344a45b86,projects/bfn-mobile-backend/logs/run.googleapis.com%2Fstderr,2020-01-29T13:40:15.032449542Z,,,,,,,,,,,,
INFO: ? ? ? host: ? ? ? ? localhost/127.0.0.1 profile: prod ?,5e318b3e000a7a2f0f690234,cloud_run_revision,europe-west1,bfnwebinvestor,bfn-mobile-backend,bfnwebinvestor-00004-xug,bfnwebinvestor,2020-01-29T13:40:14.686639Z,00bf4bf02d29e83b514ccb2fd7851ccc7884ce4042e7df82fadade231b227a821fadbac7956b370b2cbe2a1a894432f7cb92d96e1964ed042344a45b86,projects/bfn-mobile-backend/logs/run.googleapis.com%2Fstderr,2020-01-29T13:40:15.032449542Z,,,,,,,,,,,,
"Jan 29, 2020 1:40:14 PM com.bfn.client.web.ApiApp onApplicationEvent",5e318b3e000a7a09cb6e3e05,cloud_run_revision,europe-west1,bfnwebinvestor,bfn-mobile-backend,bfnwebinvestor-00004-xug,bfnwebinvestor,2020-01-29T13:40:14.686601Z,00bf4bf02d29e83b514ccb2fd7851ccc7884ce4042e7df82fadade231b227a821fadbac7956b370b2cbe2a1a894432f7cb92d96e1964ed042344a45b86,projects/bfn-mobile-backend/logs/run.googleapis.com%2Fstderr,2020-01-29T13:40:15.032449542Z,,,,,,,,,,,,
"INFO: ? ? ?  STARTED BFN WEB APP:  ? onApplicationEvent: mainApplicationClass: ? class com.bfn.client.web.ServerKt  ? ",5e318b3e000a78cd941d67bb,cloud_run_revision,europe-west1,bfnwebinvestor,bfn-mobile-backend,bfnwebinvestor-00004-xug,bfnwebinvestor,2020-01-29T13:40:14.686285Z,00bf4bf02d29e83b514ccb2fd7851ccc7884ce4042e7df82fadade231b227a821fadbac7956b370b2cbe2a1a894432f7cb92d96e1964ed042344a45b86,projects/bfn-mobile-backend/logs/run.googleapis.com%2Fstderr,2020-01-29T13:40:14.692106556Z,,,,,,,,,,,,
"Jan 29, 2020 1:40:14 PM com.bfn.client.web.ApiApp onApplicationEvent",5e318b3e000a78a1422a8063,cloud_run_revision,europe-west1,bfnwebinvestor,bfn-mobile-backend,bfnwebinvestor-00004-xug,bfnwebinvestor,2020-01-29T13:40:14.686241Z,00bf4bf02d29e83b514ccb2fd7851ccc7884ce4042e7df82fadade231b227a821fadbac7956b370b2cbe2a1a894432f7cb92d96e1964ed042344a45b86,projects/bfn-mobile-backend/logs/run.googleapis.com%2Fstderr,2020-01-29T13:40:14.692106556Z,,,,,,,,,,,,
[m?  CommandLineRunner ? ? ? shit is gonna happen here,5e318b3d000a7912e17f7edc,cloud_run_revision,europe-west1,bfnwebinvestor,bfn-mobile-backend,bfnwebinvestor-00004-xug,bfnwebinvestor,2020-01-29T13:40:13.686354Z,00bf4bf02d29e83b514ccb2fd7851ccc7884ce4042e7df82fadade231b227a821fadbac7956b370b2cbe2a1a894432f7cb92d96e1964ed042344a45b86,projects/bfn-mobile-backend/logs/run.googleapis.com%2Fstdout,2020-01-29T13:40:13.912743552Z,,,,,,,,,,,,
"[m[37mI 13:40:12 1 MyWebServerStartedListener.onApplicationEvent - ? ? ?  onApplicationEvent: ApplicationStartedEvent: ??  ??  ? ApplicationStartedEvent: [Ljava.lang.String;@38b27cdc ? ??  ?? Doin nuthin at this time  ? ",5e318b3c000a78db66ae07c2,cloud_run_revision,europe-west1,bfnwebinvestor,bfn-mobile-backend,bfnwebinvestor-00004-xug,bfnwebinvestor,2020-01-29T13:40:12.686299Z,00bf4bf02d29e83b514ccb2fd7851ccc7884ce4042e7df82fadade231b227a821fadbac7956b370b2cbe2a1a894432f7cb92d96e1964ed042344a45b86,projects/bfn-mobile-backend/logs/run.googleapis.com%2Fstdout,2020-01-29T13:40:12.910704796Z,,,,,,,,,,,,
[m[37mI 13:40:11 1 ServerKt.logStarted - Started ServerKt in 68.999 seconds (JVM running for 73.207),5e318b3b000f0d49ff768329,cloud_run_revision,europe-west1,bfnwebinvestor,bfn-mobile-backend,bfnwebinvestor-00004-xug,bfnwebinvestor,2020-01-29T13:40:11.986441Z,00bf4bf02d29e83b514ccb2fd7851ccc7884ce4042e7df82fadade231b227a821fadbac7956b370b2cbe2a1a894432f7cb92d96e1964ed042344a45b86,projects/bfn-mobile-backend/logs/run.googleapis.com%2Fstdout,2020-01-29T13:40:12.240284848Z,,,,,,,,,,,,
"} ? ? ? ",5e318b3900045ee3d89efea0,cloud_run_revision,europe-west1,bfnwebinvestor,bfn-mobile-backend,bfnwebinvestor-00004-xug,bfnwebinvestor,2020-01-29T13:40:09.286435Z,00bf4bf02d29e83b514ccb2fd7851ccc7884ce4042e7df82fadade231b227a821fadbac7956b370b2cbe2a1a894432f7cb92d96e1964ed042344a45b86,projects/bfn-mobile-backend/logs/run.googleapis.com%2Fstdout,2020-01-29T13:40:09.580644857Z,,,,,,,,,,,,
"  ""webServerPort"": 8080",5e318b3900045eb1a74a1e1a,cloud_run_revision,europe-west1,bfnwebinvestor,bfn-mobile-backend,bfnwebinvestor-00004-xug,bfnwebinvestor,2020-01-29T13:40:09.286385Z,00bf4bf02d29e83b514ccb2fd7851ccc7884ce4042e7df82fadade231b227a821fadbac7956b370b2cbe2a1a894432f7cb92d96e1964ed042344a45b86,projects/bfn-mobile-backend/logs/run.googleapis.com%2Fstdout,2020-01-29T13:40:09.580644857Z,,,,,,,,,,,,
"  ""springBootProfile"": ""prod"",",5e318b3900045e688ebd287f,cloud_run_revision,europe-west1,bfnwebinvestor,bfn-mobile-backend,bfnwebinvestor-00004-xug,bfnwebinvestor,2020-01-29T13:40:09.286312Z,00bf4bf02d29e83b514ccb2fd7851ccc7884ce4042e7df82fadade231b227a821fadbac7956b370b2cbe2a1a894432f7cb92d96e1964ed042344a45b86,projects/bfn-mobile-backend/logs/run.googleapis.com%2Fstdout,2020-01-29T13:40:09.580644857Z,,,,,,,,,,,,
"  ""port"": 10200,",5e318b3900045e5c4c1cb6a4,cloud_run_revision,europe-west1,bfnwebinvestor,bfn-mobile-backend,bfnwebinvestor-00004-xug,bfnwebinvestor,2020-01-29T13:40:09.286300Z,00bf4bf02d29e83b514ccb2fd7851ccc7884ce4042e7df82fadade231b227a821fadbac7956b370b2cbe2a1a894432f7cb92d96e1964ed042344a45b86,projects/bfn-mobile-backend/logs/run.googleapis.com%2Fstdout,2020-01-29T13:40:09.580644857Z,,,,,,,,,,,,
"  ""host"": ""nd-505-342-881.rg-788-479.p2pify.com"",",5e318b3900045e4f441c4cd5,cloud_run_revision,europe-west1,bfnwebinvestor,bfn-mobile-backend,bfnwebinvestor-00004-xug,bfnwebinvestor,2020-01-29T13:40:09.286287Z,00bf4bf02d29e83b514ccb2fd7851ccc7884ce4042e7df82fadade231b227a821fadbac7956b370b2cbe2a1a894432f7cb92d96e1964ed042344a45b86,projects/bfn-mobile-backend/logs/run.googleapis.com%2Fstdout,2020-01-29T13:40:09.580644857Z,,,,,,,,,,,,
"  ""webServerAddress"": ""127.0.0.1"",",5e318b3900045e4024f52ee8,cloud_run_revision,europe-west1,bfnwebinvestor,bfn-mobile-backend,bfnwebinvestor-00004-xug,bfnwebinvestor,2020-01-29T13:40:09.286272Z,00bf4bf02d29e83b514ccb2fd7851ccc7884ce4042e7df82fadade231b227a821fadbac7956b370b2cbe2a1a894432f7cb92d96e1964ed042344a45b86,projects/bfn-mobile-backend/logs/run.googleapis.com%2Fstdout,2020-01-29T13:40:09.580644857Z,,,,,,,,,,,,
"  ""serial"": 1579685897723,",5e318b3900045e117b913e2f,cloud_run_revision,europe-west1,bfnwebinvestor,bfn-mobile-backend,bfnwebinvestor-00004-xug,bfnwebinvestor,2020-01-29T13:40:09.286225Z,00bf4bf02d29e83b514ccb2fd7851ccc7884ce4042e7df82fadade231b227a821fadbac7956b370b2cbe2a1a894432f7cb92d96e1964ed042344a45b86,projects/bfn-mobile-backend/logs/run.googleapis.com%2Fstdout,2020-01-29T13:40:09.580644857Z,,,,,,,,,,,,
"  ""platformVersion"": 5,",5e318b3900045e068a8376d1,cloud_run_revision,europe-west1,bfnwebinvestor,bfn-mobile-backend,bfnwebinvestor-00004-xug,bfnwebinvestor,2020-01-29T13:40:09.286214Z,00bf4bf02d29e83b514ccb2fd7851ccc7884ce4042e7df82fadade231b227a821fadbac7956b370b2cbe2a1a894432f7cb92d96e1964ed042344a45b86,projects/bfn-mobile-backend/logs/run.googleapis.com%2Fstdout,2020-01-29T13:40:09.580644857Z,,,,,,,,,,,,
"  ],",5e318b3900045df8b6731249,cloud_run_revision,europe-west1,bfnwebinvestor,bfn-mobile-backend,bfnwebinvestor-00004-xug,bfnwebinvestor,2020-01-29T13:40:09.286200Z,00bf4bf02d29e83b514ccb2fd7851ccc7884ce4042e7df82fadade231b227a821fadbac7956b370b2cbe2a1a894432f7cb92d96e1964ed042344a45b86,projects/bfn-mobile-backend/logs/run.googleapis.com%2Fstdout,2020-01-29T13:40:09.580644857Z,,,,,,,,,,,,
"    ""OU\u003dOneConnect-BFN-ND-505-342-881, O\u003dOneConnect-BFN, L\u003dSingapore, C\u003dSG""",5e318b3900045ded34d923eb,cloud_run_revision,europe-west1,bfnwebinvestor,bfn-mobile-backend,bfnwebinvestor-00004-xug,bfnwebinvestor,2020-01-29T13:40:09.286189Z,00bf4bf02d29e83b514ccb2fd7851ccc7884ce4042e7df82fadade231b227a821fadbac7956b370b2cbe2a1a894432f7cb92d96e1964ed042344a45b86,projects/bfn-mobile-backend/logs/run.googleapis.com%2Fstdout,2020-01-29T13:40:09.580644857Z,,,,,,,,,,,,
"  ""addresses"": [",5e318b3900045ddd09a3824f,cloud_run_revision,europe-west1,bfnwebinvestor,bfn-mobile-backend,bfnwebinvestor-00004-xug,bfnwebinvestor,2020-01-29T13:40:09.286173Z,00bf4bf02d29e83b514ccb2fd7851ccc7884ce4042e7df82fadade231b227a821fadbac7956b370b2cbe2a1a894432f7cb92d96e1964ed042344a45b86,projects/bfn-mobile-backend/logs/run.googleapis.com%2Fstdout,2020-01-29T13:40:09.580644857Z,,,,,,,,,,,,
[m[37mI 13:40:09 1 FirebaseUtil.refreshNodes -  ? ? Corda Node  ? ? {,5e318b3900045dbcda3049dc,cloud_run_revision,europe-west1,bfnwebinvestor,bfn-mobile-backend,bfnwebinvestor-00004-xug,bfnwebinvestor,2020-01-29T13:40:09.286140Z,00bf4bf02d29e83b514ccb2fd7851ccc7884ce4042e7df82fadade231b227a821fadbac7956b370b2cbe2a1a894432f7cb92d96e1964ed042344a45b86,projects/bfn-mobile-backend/logs/run.googleapis.com%2Fstdout,2020-01-29T13:40:09.580644857Z,,,,,,,,,,,,
"[m[37mI 13:40:08 1 FirebaseUtil.addNode - ?  Added corda node to Firestore: ?  OU=OneConnect-BFN-ND-505-342-881, O=OneConnect-BFN, L=Singapore, C=SG  ? 127.0.0.1",5e318b39000150a1242b4a4c,cloud_run_revision,europe-west1,bfnwebinvestor,bfn-mobile-backend,bfnwebinvestor-00004-xug,bfnwebinvestor,2020-01-29T13:40:09.086177Z,00bf4bf02d29e83b514ccb2fd7851ccc7884ce4042e7df82fadade231b227a821fadbac7956b370b2cbe2a1a894432f7cb92d96e1964ed042344a45b86,projects/bfn-mobile-backend/logs/run.googleapis.com%2Fstdout,2020-01-29T13:40:09.253903749Z,,,,,,,,,,,,
[m[37mI 13:40:08 1 FirebaseUtil.refreshNodes -  ? ? ? node webServerUrl: localhost:10050,5e318b380008f2572c84f8c1,cloud_run_revision,europe-west1,bfnwebinvestor,bfn-mobile-backend,bfnwebinvestor-00004-xug,bfnwebinvestor,2020-01-29T13:40:08.586327Z,00bf4bf02d29e83b514ccb2fd7851ccc7884ce4042e7df82fadade231b227a821fadbac7956b370b2cbe2a1a894432f7cb92d96e1964ed042344a45b86,projects/bfn-mobile-backend/logs/run.googleapis.com%2Fstdout,2020-01-29T13:40:08.910874174Z,,,,,,,,,,,,
"} ? ? ? ",5e318b3800076e8bb0dee109,cloud_run_revision,europe-west1,bfnwebinvestor,bfn-mobile-backend,bfnwebinvestor-00004-xug,bfnwebinvestor,2020-01-29T13:40:08.487051Z,00bf4bf02d29e83b514ccb2fd7851ccc7884ce4042e7df82fadade231b227a821fadbac7956b370b2cbe2a1a894432f7cb92d96e1964ed042344a45b86,projects/bfn-mobile-backend/logs/run.googleapis.com%2Fstdout,2020-01-29T13:40:08.582315596Z,,,,,,,,,,,,
"  ""webServerPort"": 8080",5e318b3800076e7ea5d91e8b,cloud_run_revision,europe-west1,bfnwebinvestor,bfn-mobile-backend,bfnwebinvestor-00004-xug,bfnwebinvestor,2020-01-29T13:40:08.487038Z,00bf4bf02d29e83b514ccb2fd7851ccc7884ce4042e7df82fadade231b227a821fadbac7956b370b2cbe2a1a894432f7cb92d96e1964ed042344a45b86,projects/bfn-mobile-backend/logs/run.googleapis.com%2Fstdout,2020-01-29T13:40:08.582315596Z,,,,,,,,,,,,
"  ""springBootProfile"": ""prod"",",5e318b3800076e717369ec14,cloud_run_revision,europe-west1,bfnwebinvestor,bfn-mobile-backend,bfnwebinvestor-00004-xug,bfnwebinvestor,2020-01-29T13:40:08.487025Z,00bf4bf02d29e83b514ccb2fd7851ccc7884ce4042e7df82fadade231b227a821fadbac7956b370b2cbe2a1a894432f7cb92d96e1964ed042344a45b86,projects/bfn-mobile-backend/logs/run.googleapis.com%2Fstdout,2020-01-29T13:40:08.582315596Z,,,,,,,,,,,,
"  ""port"": 10200,",5e318b3800076e5b8cc7e79f,cloud_run_revision,europe-west1,bfnwebinvestor,bfn-mobile-backend,bfnwebinvestor-00004-xug,bfnwebinvestor,2020-01-29T13:40:08.487003Z,00bf4bf02d29e83b514ccb2fd7851ccc7884ce4042e7df82fadade231b227a821fadbac7956b370b2cbe2a1a894432f7cb92d96e1964ed042344a45b86,projects/bfn-mobile-backend/logs/run.googleapis.com%2Fstdout,2020-01-29T13:40:08.582315596Z,,,,,,,,,,,,
"  ""host"": ""nd-601-154-124.rg-788-479.p2pify.com"",",5e318b3800076e2bd0b982fb,cloud_run_revision,europe-west1,bfnwebinvestor,bfn-mobile-backend,bfnwebinvestor-00004-xug,bfnwebinvestor,2020-01-29T13:40:08.486955Z,00bf4bf02d29e83b514ccb2fd7851ccc7884ce4042e7df82fadade231b227a821fadbac7956b370b2cbe2a1a894432f7cb92d96e1964ed042344a45b86,projects/bfn-mobile-backend/logs/run.googleapis.com%2Fstdout,2020-01-29T13:40:08.582315596Z,,,,,,,,,,,,
"  ""webServerAddress"": ""127.0.0.1"",",5e318b3800076e2359952ecd,cloud_run_revision,europe-west1,bfnwebinvestor,bfn-mobile-backend,bfnwebinvestor-00004-xug,bfnwebinvestor,2020-01-29T13:40:08.486947Z,00bf4bf02d29e83b514ccb2fd7851ccc7884ce4042e7df82fadade231b227a821fadbac7956b370b2cbe2a1a894432f7cb92d96e1964ed042344a45b86,projects/bfn-mobile-backend/logs/run.googleapis.com%2Fstdout,2020-01-29T13:40:08.582315596Z,,,,,,,,,,,,
"  ""serial"": 1579686151502,",5e318b3800076e19be9b655e,cloud_run_revision,europe-west1,bfnwebinvestor,bfn-mobile-backend,bfnwebinvestor-00004-xug,bfnwebinvestor,2020-01-29T13:40:08.486937Z,00bf4bf02d29e83b514ccb2fd7851ccc7884ce4042e7df82fadade231b227a821fadbac7956b370b2cbe2a1a894432f7cb92d96e1964ed042344a45b86,projects/bfn-mobile-backend/logs/run.googleapis.com%2Fstdout,2020-01-29T13:40:08.582315596Z,,,,,,,,,,,,
"  ""platformVersion"": 5,",5e318b3800076e10eb398fe1,cloud_run_revision,europe-west1,bfnwebinvestor,bfn-mobile-backend,bfnwebinvestor-00004-xug,bfnwebinvestor,2020-01-29T13:40:08.486928Z,00bf4bf02d29e83b514ccb2fd7851ccc7884ce4042e7df82fadade231b227a821fadbac7956b370b2cbe2a1a894432f7cb92d96e1964ed042344a45b86,projects/bfn-mobile-backend/logs/run.googleapis.com%2Fstdout,2020-01-29T13:40:08.582315596Z,,,,,,,,,,,,
"  ],",5e318b3800076e07d59469c4,cloud_run_revision,europe-west1,bfnwebinvestor,bfn-mobile-backend,bfnwebinvestor-00004-xug,bfnwebinvestor,2020-01-29T13:40:08.486919Z,00bf4bf02d29e83b514ccb2fd7851ccc7884ce4042e7df82fadade231b227a821fadbac7956b370b2cbe2a1a894432f7cb92d96e1964ed042344a45b86,projects/bfn-mobile-backend/logs/run.googleapis.com%2Fstdout,2020-01-29T13:40:08.582315596Z,,,,,,,,,,,,
"    ""OU\u003dOneConnect-BFN-ND-601-154-124, O\u003dOneConnect-BFN, L\u003dSingapore, C\u003dSG""",5e318b3800076dfe54da4cbb,cloud_run_revision,europe-west1,bfnwebinvestor,bfn-mobile-backend,bfnwebinvestor-00004-xug,bfnwebinvestor,2020-01-29T13:40:08.486910Z,00bf4bf02d29e83b514ccb2fd7851ccc7884ce4042e7df82fadade231b227a821fadbac7956b370b2cbe2a1a894432f7cb92d96e1964ed042344a45b86,projects/bfn-mobile-backend/logs/run.googleapis.com%2Fstdout,2020-01-29T13:40:08.582315596Z,,,,,,,,,,,,
"  ""addresses"": [",5e318b3800076df3ea4a558f,cloud_run_revision,europe-west1,bfnwebinvestor,bfn-mobile-backend,bfnwebinvestor-00004-xug,bfnwebinvestor,2020-01-29T13:40:08.486899Z,00bf4bf02d29e83b514ccb2fd7851ccc7884ce4042e7df82fadade231b227a821fadbac7956b370b2cbe2a1a894432f7cb92d96e1964ed042344a45b86,projects/bfn-mobile-backend/logs/run.googleapis.com%2Fstdout,2020-01-29T13:40:08.582315596Z,,,,,,,,,,,,
[m[37mI 13:40:08 1 FirebaseUtil.refreshNodes -  ? ? Corda Node  ? ? {,5e318b3800076dd6be172893,cloud_run_revision,europe-west1,bfnwebinvestor,bfn-mobile-backend,bfnwebinvestor-00004-xug,bfnwebinvestor,2020-01-29T13:40:08.486870Z,00bf4bf02d29e83b514ccb2fd7851ccc7884ce4042e7df82fadade231b227a821fadbac7956b370b2cbe2a1a894432f7cb92d96e1964ed042344a45b86,projects/bfn-mobile-backend/logs/run.googleapis.com%2Fstdout,2020-01-29T13:40:08.582315596Z,,,,,,,,,,,,
"[m[37mI 13:40:05 1 FirebaseUtil.addNode - ?  Added corda node to Firestore: ?  OU=OneConnect-BFN-ND-601-154-124, O=OneConnect-BFN, L=Singapore, C=SG  ? 127.0.0.1",5e318b3500045ce233d2922a,cloud_run_revision,europe-west1,bfnwebinvestor,bfn-mobile-backend,bfnwebinvestor-00004-xug,bfnwebinvestor,2020-01-29T13:40:05.285922Z,00bf4bf02d29e83b514ccb2fd7851ccc7884ce4042e7df82fadade231b227a821fadbac7956b370b2cbe2a1a894432f7cb92d96e1964ed042344a45b86,projects/bfn-mobile-backend/logs/run.googleapis.com%2Fstdout,2020-01-29T13:40:05.587957230Z,,,,,,,,,,,,
[m[37mI 13:39:57 1 FirebaseUtil.refreshNodes -  ? ? ? node webServerUrl: localhost:10050,5e318b2d000f0ca48fec9334,cloud_run_revision,europe-west1,bfnwebinvestor,bfn-mobile-backend,bfnwebinvestor-00004-xug,bfnwebinvestor,2020-01-29T13:39:57.986276Z,00bf4bf02d29e83b514ccb2fd7851ccc7884ce4042e7df82fadade231b227a821fadbac7956b370b2cbe2a1a894432f7cb92d96e1964ed042344a45b86,projects/bfn-mobile-backend/logs/run.googleapis.com%2Fstdout,2020-01-29T13:39:58.261376960Z,,,,,,,,,,,,
[m[37mI 13:39:55 1 FirebaseUtil.refreshNodes - ? ? ? this HOST: canonicalHostName: localhost hostAddress: 127.0.0.1  hostName: localhost,5e318b2c0008f3d21f0d6615,cloud_run_revision,europe-west1,bfnwebinvestor,bfn-mobile-backend,bfnwebinvestor-00004-xug,bfnwebinvestor,2020-01-29T13:39:56.586706Z,00bf4bf02d29e83b514ccb2fd7851ccc7884ce4042e7df82fadade231b227a821fadbac7956b370b2cbe2a1a894432f7cb92d96e1964ed042344a45b86,projects/bfn-mobile-backend/logs/run.googleapis.com%2Fstdout,2020-01-29T13:39:56.591772627Z,,,,,,,,,,,,
[m[37mI 13:39:42 1 FirebaseUtil.deleteNodes - Found 2 nodes to delete on Firestore,5e318b1e000f0cd3204bae8b,cloud_run_revision,europe-west1,bfnwebinvestor,bfn-mobile-backend,bfnwebinvestor-00004-xug,bfnwebinvestor,2020-01-29T13:39:42.986323Z,00bf4bf02d29e83b514ccb2fd7851ccc7884ce4042e7df82fadade231b227a821fadbac7956b370b2cbe2a1a894432f7cb92d96e1964ed042344a45b86,projects/bfn-mobile-backend/logs/run.googleapis.com%2Fstdout,2020-01-29T13:39:43.006437536Z,,,,,,,,,,,,
,5e318b16000d28bf6f2ec616,cloud_run_revision,europe-west1,bfnwebinvestor,bfn-mobile-backend,bfnwebinvestor-00004-xug,bfnwebinvestor,2020-01-29T13:39:34.862399Z,00bf4bf02d29e83b514ccb2fd7851ccc7884ce4042e7df82fadade231b227a821fadbac7956b370b2cbe2a1a894432f7cb92d96e1964ed042344a45b86,projects/bfn-mobile-backend/logs/run.googleapis.com%2Frequests,2020-01-29T13:39:34.984411534Z,GET,https://bfnwebinvestor-hkn7vsuxdq-ew.a.run.app/favicon.ico,670,404,234,"Mozilla/5.0 (Macintosh; Intel Mac OS X 10_15_2) AppleWebKit/537.36 (KHTML, like Gecko) Chrome/79.0.3945.130 Safari/537.36",105.224.245.10,216.239.36.53,0.012117345s,HTTP/1.1,WARNING,projects/bfn-mobile-backend/traces/665920f32c96d7c2ead3018898f58545
,5e318b160004c5ecd6bfdc8c,cloud_run_revision,europe-west1,bfnwebinvestor,bfn-mobile-backend,bfnwebinvestor-00004-xug,bfnwebinvestor,2020-01-29T13:39:34.312812Z,00bf4bf02d29e83b514ccb2fd7851ccc7884ce4042e7df82fadade231b227a821fadbac7956b370b2cbe2a1a894432f7cb92d96e1964ed042344a45b86,projects/bfn-mobile-backend/logs/run.googleapis.com%2Frequests,2020-01-29T13:39:34.315093725Z,GET,https://bfnwebinvestor-hkn7vsuxdq-ew.a.run.app/bfn/admin/ping,731,200,865,"Mozilla/5.0 (Macintosh; Intel Mac OS X 10_15_2) AppleWebKit/537.36 (KHTML, like Gecko) Chrome/79.0.3945.130 Safari/537.36",105.224.245.10,216.239.36.53,36.079289875s,HTTP/1.1,INFO,projects/bfn-mobile-backend/traces/a6cddfd94d83228854e2affceb6f038a
"  } ? ? ? ",5e318b15000ddc687a5bdb85,cloud_run_revision,europe-west1,bfnwebinvestor,bfn-mobile-backend,bfnwebinvestor-00004-xug,bfnwebinvestor,2020-01-29T13:39:33.908392Z,00bf4bf02d29e83b514ccb2fd7851ccc7884ce4042e7df82fadade231b227a821fadbac7956b370b2cbe2a1a894432f7cb92d96e1964ed042344a45b86,projects/bfn-mobile-backend/logs/run.googleapis.com%2Fstdout,2020-01-29T13:39:34.012336154Z,,,,,,,,,,,,
"      epoch=2",5e318b15000ddc60ff196c67,cloud_run_revision,europe-west1,bfnwebinvestor,bfn-mobile-backend,bfnwebinvestor-00004-xug,bfnwebinvestor,2020-01-29T13:39:33.908384Z,00bf4bf02d29e83b514ccb2fd7851ccc7884ce4042e7df82fadade231b227a821fadbac7956b370b2cbe2a1a894432f7cb92d96e1964ed042344a45b86,projects/bfn-mobile-backend/logs/run.googleapis.com%2Fstdout,2020-01-29T13:39:34.012336154Z,,,,,,,,,,,,
"      modifiedTime=2020-01-22T09:40:35.815Z",5e318b15000ddc58ca035923,cloud_run_revision,europe-west1,bfnwebinvestor,bfn-mobile-backend,bfnwebinvestor-00004-xug,bfnwebinvestor,2020-01-29T13:39:33.908376Z,00bf4bf02d29e83b514ccb2fd7851ccc7884ce4042e7df82fadade231b227a821fadbac7956b370b2cbe2a1a894432f7cb92d96e1964ed042344a45b86,projects/bfn-mobile-backend/logs/run.googleapis.com%2Fstdout,2020-01-29T13:39:34.012336154Z,,,,,,,,,,,,
"      }",5e318b15000ddc4f7f093963,cloud_run_revision,europe-west1,bfnwebinvestor,bfn-mobile-backend,bfnwebinvestor-00004-xug,bfnwebinvestor,2020-01-29T13:39:33.908367Z,00bf4bf02d29e83b514ccb2fd7851ccc7884ce4042e7df82fadade231b227a821fadbac7956b370b2cbe2a1a894432f7cb92d96e1964ed042344a45b86,projects/bfn-mobile-backend/logs/run.googleapis.com%2Fstdout,2020-01-29T13:39:34.012336154Z,,,,,,,,,,,,
"        ",5e318b15000ddc47c4277e3a,cloud_run_revision,europe-west1,bfnwebinvestor,bfn-mobile-backend,bfnwebinvestor-00004-xug,bfnwebinvestor,2020-01-29T13:39:33.908359Z,00bf4bf02d29e83b514ccb2fd7851ccc7884ce4042e7df82fadade231b227a821fadbac7956b370b2cbe2a1a894432f7cb92d96e1964ed042344a45b86,projects/bfn-mobile-backend/logs/run.googleapis.com%2Fstdout,2020-01-29T13:39:34.012336154Z,,,,,,,,,,,,
"      packageOwnership {",5e318b15000ddc3eab72bfcb,cloud_run_revision,europe-west1,bfnwebinvestor,bfn-mobile-backend,bfnwebinvestor-00004-xug,bfnwebinvestor,2020-01-29T13:39:33.908350Z,00bf4bf02d29e83b514ccb2fd7851ccc7884ce4042e7df82fadade231b227a821fadbac7956b370b2cbe2a1a894432f7cb92d96e1964ed042344a45b86,projects/bfn-mobile-backend/logs/run.googleapis.com%2Fstdout,2020-01-29T13:39:34.012336154Z,,,,,,,,,,,,
"      eventHorizon=PT720H",5e318b15000ddc2c03c4d404,cloud_run_revision,europe-west1,bfnwebinvestor,bfn-mobile-backend,bfnwebinvestor-00004-xug,bfnwebinvestor,2020-01-29T13:39:33.908332Z,00bf4bf02d29e83b514ccb2fd7851ccc7884ce4042e7df82fadade231b227a821fadbac7956b370b2cbe2a1a894432f7cb92d96e1964ed042344a45b86,projects/bfn-mobile-backend/logs/run.googleapis.com%2Fstdout,2020-01-29T13:39:34.012336154Z,,,,,,,,,,,,
"      }",5e318b15000ddbf6c5607e38,cloud_run_revision,europe-west1,bfnwebinvestor,bfn-mobile-backend,bfnwebinvestor-00004-xug,bfnwebinvestor,2020-01-29T13:39:33.908278Z,00bf4bf02d29e83b514ccb2fd7851ccc7884ce4042e7df82fadade231b227a821fadbac7956b370b2cbe2a1a894432f7cb92d96e1964ed042344a45b86,projects/bfn-mobile-backend/logs/run.googleapis.com%2Fstdout,2020-01-29T13:39:34.012336154Z,,,,,,,,,,,,
"        ",5e318b15000ddbebece7b106,cloud_run_revision,europe-west1,bfnwebinvestor,bfn-mobile-backend,bfnwebinvestor-00004-xug,bfnwebinvestor,2020-01-29T13:39:33.908267Z,00bf4bf02d29e83b514ccb2fd7851ccc7884ce4042e7df82fadade231b227a821fadbac7956b370b2cbe2a1a894432f7cb92d96e1964ed042344a45b86,projects/bfn-mobile-backend/logs/run.googleapis.com%2Fstdout,2020-01-29T13:39:34.012336154Z,,,,,,,,,,,,
"      whitelistedContractImplementations {",5e318b15000ddbe2f3fc3bf2,cloud_run_revision,europe-west1,bfnwebinvestor,bfn-mobile-backend,bfnwebinvestor-00004-xug,bfnwebinvestor,2020-01-29T13:39:33.908258Z,00bf4bf02d29e83b514ccb2fd7851ccc7884ce4042e7df82fadade231b227a821fadbac7956b370b2cbe2a1a894432f7cb92d96e1964ed042344a45b86,projects/bfn-mobile-backend/logs/run.googleapis.com%2Fstdout,2020-01-29T13:39:34.012336154Z,,,,,,,,,,,,
"      maxTransactionSize=2147483647",5e318b15000ddbd9a6618b3b,cloud_run_revision,europe-west1,bfnwebinvestor,bfn-mobile-backend,bfnwebinvestor-00004-xug,bfnwebinvestor,2020-01-29T13:39:33.908249Z,00bf4bf02d29e83b514ccb2fd7851ccc7884ce4042e7df82fadade231b227a821fadbac7956b370b2cbe2a1a894432f7cb92d96e1964ed042344a45b86,projects/bfn-mobile-backend/logs/run.googleapis.com%2Fstdout,2020-01-29T13:39:34.012336154Z,,,,,,,,,,,,
"      maxMessageSize=10485760",5e318b15000ddbd08d5f7329,cloud_run_revision,europe-west1,bfnwebinvestor,bfn-mobile-backend,bfnwebinvestor-00004-xug,bfnwebinvestor,2020-01-29T13:39:33.908240Z,00bf4bf02d29e83b514ccb2fd7851ccc7884ce4042e7df82fadade231b227a821fadbac7956b370b2cbe2a1a894432f7cb92d96e1964ed042344a45b86,projects/bfn-mobile-backend/logs/run.googleapis.com%2Fstdout,2020-01-29T13:39:34.012336154Z,,,,,,,,,,,,
"      notaries=[NotaryInfo(identity=OU=OneConnect-BFN-ND-505-342-881, O=OneConnect-BFN, L=Singapore, C=SG, validating=false)]",5e318b15000ddbc742b42c94,cloud_run_revision,europe-west1,bfnwebinvestor,bfn-mobile-backend,bfnwebinvestor-00004-xug,bfnwebinvestor,2020-01-29T13:39:33.908231Z,00bf4bf02d29e83b514ccb2fd7851ccc7884ce4042e7df82fadade231b227a821fadbac7956b370b2cbe2a1a894432f7cb92d96e1964ed042344a45b86,projects/bfn-mobile-backend/logs/run.googleapis.com%2Fstdout,2020-01-29T13:39:34.012336154Z,,,,,,,,,,,,
"      minimumPlatformVersion=4",5e318b15000ddbb93178ecab,cloud_run_revision,europe-west1,bfnwebinvestor,bfn-mobile-backend,bfnwebinvestor-00004-xug,bfnwebinvestor,2020-01-29T13:39:33.908217Z,00bf4bf02d29e83b514ccb2fd7851ccc7884ce4042e7df82fadade231b227a821fadbac7956b370b2cbe2a1a894432f7cb92d96e1964ed042344a45b86,projects/bfn-mobile-backend/logs/run.googleapis.com%2Fstdout,2020-01-29T13:39:34.012336154Z,,,,,,,,,,,,
"[m[37mI 13:39:33 36 AdminController.ping - ? ? ? node pinged: OU=OneConnect-BFN-ND-601-154-124, O=OneConnect-BFN, L=Singapore, C=SGNetworkParameters {",5e318b15000ddb95ba2f8971,cloud_run_revision,europe-west1,bfnwebinvestor,bfn-mobile-backend,bfnwebinvestor-00004-xug,bfnwebinvestor,2020-01-29T13:39:33.908181Z,00bf4bf02d29e83b514ccb2fd7851ccc7884ce4042e7df82fadade231b227a821fadbac7956b370b2cbe2a1a894432f7cb92d96e1964ed042344a45b86,projects/bfn-mobile-backend/logs/run.googleapis.com%2Fstdout,2020-01-29T13:39:34.012336154Z,,,,,,,,,,,,
[m[31mW 13:39:33 51 MacAddressUtil.defaultMachineId - Failed to find a usable hardware address from the network interfaces; using random bytes: 8d:ff:ba:0c:65:71:c4:8b,5e318b150004d1bf982df18f,cloud_run_revision,europe-west1,bfnwebinvestor,bfn-mobile-backend,bfnwebinvestor-00004-xug,bfnwebinvestor,2020-01-29T13:39:33.315839Z,00bf4bf02d29e83b514ccb2fd7851ccc7884ce4042e7df82fadade231b227a821fadbac7956b370b2cbe2a1a894432f7cb92d96e1964ed042344a45b86,projects/bfn-mobile-backend/logs/run.googleapis.com%2Fstdout,2020-01-29T13:39:33.349661345Z,,,,,,,,,,,,
[m[37mI 13:39:32 36 AdminController.ping - ? ? ? AdminController:BFN Web API pinged: Wed Jan 29 13:39:32 UTC 2020 ? ? ?,5e318b14000a9f8917ec5945,cloud_run_revision,europe-west1,bfnwebinvestor,bfn-mobile-backend,bfnwebinvestor-00004-xug,bfnwebinvestor,2020-01-29T13:39:32.696201Z,00bf4bf02d29e83b514ccb2fd7851ccc7884ce4042e7df82fadade231b227a821fadbac7956b370b2cbe2a1a894432f7cb92d96e1964ed042344a45b86,projects/bfn-mobile-backend/logs/run.googleapis.com%2Fstdout,2020-01-29T13:39:33.021830101Z,,,,,,,,,,,,
"[m[37mI 13:39:32 1 WorkerBee.listNodes - ? ? ? Corda NetworkNodes found: ? 2 ? ",5e318b14000803a37ac784c3,cloud_run_revision,europe-west1,bfnwebinvestor,bfn-mobile-backend,bfnwebinvestor-00004-xug,bfnwebinvestor,2020-01-29T13:39:32.525219Z,00bf4bf02d29e83b514ccb2fd7851ccc7884ce4042e7df82fadade231b227a821fadbac7956b370b2cbe2a1a894432f7cb92d96e1964ed042344a45b86,projects/bfn-mobile-backend/logs/run.googleapis.com%2Fstdout,2020-01-29T13:39:32.677582478Z,,,,,,,,,,,,
"[m[37mI 13:39:32 1 WorkerBee.listNodes - ? BFN Corda Node: ? OU=OneConnect-BFN-ND-505-342-881, O=OneConnect-BFN, L=Singapore, C=SG addresses: [nd-505-342-881.rg-788-479.p2pify.com:10200]",5e318b140008026bff698e52,cloud_run_revision,europe-west1,bfnwebinvestor,bfn-mobile-backend,bfnwebinvestor-00004-xug,bfnwebinvestor,2020-01-29T13:39:32.524907Z,00bf4bf02d29e83b514ccb2fd7851ccc7884ce4042e7df82fadade231b227a821fadbac7956b370b2cbe2a1a894432f7cb92d96e1964ed042344a45b86,projects/bfn-mobile-backend/logs/run.googleapis.com%2Fstdout,2020-01-29T13:39:32.677582478Z,,,,,,,,,,,,
"[m[37mI 13:39:32 1 WorkerBee.listNodes - ? BFN Corda Node: ? OU=OneConnect-BFN-ND-601-154-124, O=OneConnect-BFN, L=Singapore, C=SG addresses: [nd-601-154-124.rg-788-479.p2pify.com:10200]",5e318b140008006c70cb7001,cloud_run_revision,europe-west1,bfnwebinvestor,bfn-mobile-backend,bfnwebinvestor-00004-xug,bfnwebinvestor,2020-01-29T13:39:32.524396Z,00bf4bf02d29e83b514ccb2fd7851ccc7884ce4042e7df82fadade231b227a821fadbac7956b370b2cbe2a1a894432f7cb92d96e1964ed042344a45b86,projects/bfn-mobile-backend/logs/run.googleapis.com%2Fstdout,2020-01-29T13:39:32.677582478Z,,,,,,,,,,,,
[m[37mI 13:39:32 36 DispatcherServlet.initServletBean - FrameworkServlet 'dispatcherServlet': initialization completed in 61 ms,5e318b1400079337314005de,cloud_run_revision,europe-west1,bfnwebinvestor,bfn-mobile-backend,bfnwebinvestor-00004-xug,bfnwebinvestor,2020-01-29T13:39:32.496439Z,00bf4bf02d29e83b514ccb2fd7851ccc7884ce4042e7df82fadade231b227a821fadbac7956b370b2cbe2a1a894432f7cb92d96e1964ed042344a45b86,projects/bfn-mobile-backend/logs/run.googleapis.com%2Fstdout,2020-01-29T13:39:32.677582478Z,,,,,,,,,,,,
[m[37mI 13:39:32 36 DispatcherServlet.initServletBean - FrameworkServlet 'dispatcherServlet': initialization started,5e318b140006a205f6387add,cloud_run_revision,europe-west1,bfnwebinvestor,bfn-mobile-backend,bfnwebinvestor-00004-xug,bfnwebinvestor,2020-01-29T13:39:32.434693Z,00bf4bf02d29e83b514ccb2fd7851ccc7884ce4042e7df82fadade231b227a821fadbac7956b370b2cbe2a1a894432f7cb92d96e1964ed042344a45b86,projects/bfn-mobile-backend/logs/run.googleapis.com%2Fstdout,2020-01-29T13:39:32.677582478Z,,,,,,,,,,,,
INFO: Initializing Spring FrameworkServlet 'dispatcherServlet',5e318b140006a174a365fc52,cloud_run_revision,europe-west1,bfnwebinvestor,bfn-mobile-backend,bfnwebinvestor-00004-xug,bfnwebinvestor,2020-01-29T13:39:32.434548Z,00bf4bf02d29e83b514ccb2fd7851ccc7884ce4042e7df82fadade231b227a821fadbac7956b370b2cbe2a1a894432f7cb92d96e1964ed042344a45b86,projects/bfn-mobile-backend/logs/run.googleapis.com%2Fstderr,2020-01-29T13:39:32.767644459Z,,,,,,,,,,,,
"Jan 29, 2020 1:39:32 PM org.apache.catalina.core.ApplicationContext log",5e318b140006a15dc47ff249,cloud_run_revision,europe-west1,bfnwebinvestor,bfn-mobile-backend,bfnwebinvestor-00004-xug,bfnwebinvestor,2020-01-29T13:39:32.434525Z,00bf4bf02d29e83b514ccb2fd7851ccc7884ce4042e7df82fadade231b227a821fadbac7956b370b2cbe2a1a894432f7cb92d96e1964ed042344a45b86,projects/bfn-mobile-backend/logs/run.googleapis.com%2Fstderr,2020-01-29T13:39:32.767644459Z,,,,,,,,,,,,
"[m[37mI 13:39:32 1 FirebaseUtil.refreshNodes -  ? ? ? ? ? ?  Refreshing Nodes on Firebase ...  ? ? ",5e318b1400030d15d70475c6,cloud_run_revision,europe-west1,bfnwebinvestor,bfn-mobile-backend,bfnwebinvestor-00004-xug,bfnwebinvestor,2020-01-29T13:39:32.199957Z,00bf4bf02d29e83b514ccb2fd7851ccc7884ce4042e7df82fadade231b227a821fadbac7956b370b2cbe2a1a894432f7cb92d96e1964ed042344a45b86,projects/bfn-mobile-backend/logs/run.googleapis.com%2Fstdout,2020-01-29T13:39:32.348111891Z,,,,,,,,,,,,
[m[37mI 13:39:32 1 AdminController.writeNodesToFirestore - ? ? Refreshing prod nodes on Firestore ..............,5e318b1400030bcb2f8d399b,cloud_run_revision,europe-west1,bfnwebinvestor,bfn-mobile-backend,bfnwebinvestor-00004-xug,bfnwebinvestor,2020-01-29T13:39:32.199627Z,00bf4bf02d29e83b514ccb2fd7851ccc7884ce4042e7df82fadade231b227a821fadbac7956b370b2cbe2a1a894432f7cb92d96e1964ed042344a45b86,projects/bfn-mobile-backend/logs/run.googleapis.com%2Fstdout,2020-01-29T13:39:32.348111891Z,,,,,,,,,,,,
"[m[37mI 13:39:32 1 MyWebServerInitializedListener.onApplicationEvent - ?  ?  ?  Getting adminController bean to start refreshing nodes on Firestore  ? ",5e318b140003076005b341d7,cloud_run_revision,europe-west1,bfnwebinvestor,bfn-mobile-backend,bfnwebinvestor-00004-xug,bfnwebinvestor,2020-01-29T13:39:32.198496Z,00bf4bf02d29e83b514ccb2fd7851ccc7884ce4042e7df82fadade231b227a821fadbac7956b370b2cbe2a1a894432f7cb92d96e1964ed042344a45b86,projects/bfn-mobile-backend/logs/run.googleapis.com%2Fstdout,2020-01-29T13:39:32.348111891Z,,,,,,,,,,,,
"[m[37mI 13:39:32 1 MyWebServerInitializedListener.onApplicationEvent - ? ? ? onApplicationEvent: WebServerInitializedEvent: ??  ??  ? port: 8080 - org.springframework.boot.web.embedded.tomcat.TomcatWebServer@1583741e ? ??  ?? ",5e318b140003061c4c5a964c,cloud_run_revision,europe-west1,bfnwebinvestor,bfn-mobile-backend,bfnwebinvestor-00004-xug,bfnwebinvestor,2020-01-29T13:39:32.198172Z,00bf4bf02d29e83b514ccb2fd7851ccc7884ce4042e7df82fadade231b227a821fadbac7956b370b2cbe2a1a894432f7cb92d96e1964ed042344a45b86,projects/bfn-mobile-backend/logs/run.googleapis.com%2Fstdout,2020-01-29T13:39:32.348111891Z,,,,,,,,,,,,
[m[37mI 13:39:32 1 TomcatWebServer.start - Tomcat started on port(s): 8080 (http) with context path '/bfn',5e318b140002ffef1b5e88cf,cloud_run_revision,europe-west1,bfnwebinvestor,bfn-mobile-backend,bfnwebinvestor-00004-xug,bfnwebinvestor,2020-01-29T13:39:32.196591Z,00bf4bf02d29e83b514ccb2fd7851ccc7884ce4042e7df82fadade231b227a821fadbac7956b370b2cbe2a1a894432f7cb92d96e1964ed042344a45b86,projects/bfn-mobile-backend/logs/run.googleapis.com%2Fstdout,2020-01-29T13:39:32.348111891Z,,,,,,,,,,,,
INFO: Using a shared selector for servlet write/read,5e318b140001bce16ccabf9a,cloud_run_revision,europe-west1,bfnwebinvestor,bfn-mobile-backend,bfnwebinvestor-00004-xug,bfnwebinvestor,2020-01-29T13:39:32.113889Z,00bf4bf02d29e83b514ccb2fd7851ccc7884ce4042e7df82fadade231b227a821fadbac7956b370b2cbe2a1a894432f7cb92d96e1964ed042344a45b86,projects/bfn-mobile-backend/logs/run.googleapis.com%2Fstderr,2020-01-29T13:39:32.437149189Z,,,,,,,,,,,,
"Jan 29, 2020 1:39:32 PM org.apache.tomcat.util.net.NioSelectorPool getSharedSelector",5e318b140001b17cbe2c2740,cloud_run_revision,europe-west1,bfnwebinvestor,bfn-mobile-backend,bfnwebinvestor-00004-xug,bfnwebinvestor,2020-01-29T13:39:32.110972Z,00bf4bf02d29e83b514ccb2fd7851ccc7884ce4042e7df82fadade231b227a821fadbac7956b370b2cbe2a1a894432f7cb92d96e1964ed042344a45b86,projects/bfn-mobile-backend/logs/run.googleapis.com%2Fstderr,2020-01-29T13:39:32.437149189Z,,,,,,,,,,,,
"INFO: Starting ProtocolHandler [""http-nio-8080""]",5e318b1400018343b09e9a92,cloud_run_revision,europe-west1,bfnwebinvestor,bfn-mobile-backend,bfnwebinvestor-00004-xug,bfnwebinvestor,2020-01-29T13:39:32.099139Z,00bf4bf02d29e83b514ccb2fd7851ccc7884ce4042e7df82fadade231b227a821fadbac7956b370b2cbe2a1a894432f7cb92d96e1964ed042344a45b86,projects/bfn-mobile-backend/logs/run.googleapis.com%2Fstderr,2020-01-29T13:39:32.104323838Z,,,,,,,,,,,,
"Jan 29, 2020 1:39:32 PM org.apache.coyote.AbstractProtocol start",5e318b140001830ecfc024c3,cloud_run_revision,europe-west1,bfnwebinvestor,bfn-mobile-backend,bfnwebinvestor-00004-xug,bfnwebinvestor,2020-01-29T13:39:32.099086Z,00bf4bf02d29e83b514ccb2fd7851ccc7884ce4042e7df82fadade231b227a821fadbac7956b370b2cbe2a1a894432f7cb92d96e1964ed042344a45b86,projects/bfn-mobile-backend/logs/run.googleapis.com%2Fstderr,2020-01-29T13:39:32.104323838Z,,,,,,,,,,,,
[m[37mI 13:39:32 1 AnnotationMBeanExporter.afterSingletonsInstantiated - Registering beans for JMX exposure on startup,5e318b14000013234b78bc23,cloud_run_revision,europe-west1,bfnwebinvestor,bfn-mobile-backend,bfnwebinvestor-00004-xug,bfnwebinvestor,2020-01-29T13:39:32.004899Z,00bf4bf02d29e83b514ccb2fd7851ccc7884ce4042e7df82fadade231b227a821fadbac7956b370b2cbe2a1a894432f7cb92d96e1964ed042344a45b86,projects/bfn-mobile-backend/logs/run.googleapis.com%2Fstdout,2020-01-29T13:39:32.016499675Z,,,,,,,,,,,,
[m[37mI 13:39:31 1 WelcomePageHandlerMapping.<init> - Adding welcome page: class path resource [static/index.html],5e318b130006248590962e1e,cloud_run_revision,europe-west1,bfnwebinvestor,bfn-mobile-backend,bfnwebinvestor-00004-xug,bfnwebinvestor,2020-01-29T13:39:31.402565Z,00bf4bf02d29e83b514ccb2fd7851ccc7884ce4042e7df82fadade231b227a821fadbac7956b370b2cbe2a1a894432f7cb92d96e1964ed042344a45b86,projects/bfn-mobile-backend/logs/run.googleapis.com%2Fstdout,2020-01-29T13:39:31.684724879Z,,,,,,,,,,,,
[m[37mI 13:39:31 1 SimpleUrlHandlerMapping.registerHandler - Mapped URL path [/**] onto handler of type [class org.springframework.web.servlet.resource.ResourceHttpRequestHandler],5e318b130001c830607b20ba,cloud_run_revision,europe-west1,bfnwebinvestor,bfn-mobile-backend,bfnwebinvestor-00004-xug,bfnwebinvestor,2020-01-29T13:39:31.116784Z,00bf4bf02d29e83b514ccb2fd7851ccc7884ce4042e7df82fadade231b227a821fadbac7956b370b2cbe2a1a894432f7cb92d96e1964ed042344a45b86,projects/bfn-mobile-backend/logs/run.googleapis.com%2Fstdout,2020-01-29T13:39:31.348928764Z,,,,,,,,,,,,
[m[37mI 13:39:31 1 SimpleUrlHandlerMapping.registerHandler - Mapped URL path [/webjars/**] onto handler of type [class org.springframework.web.servlet.resource.ResourceHttpRequestHandler],5e318b130001c6f465578a51,cloud_run_revision,europe-west1,bfnwebinvestor,bfn-mobile-backend,bfnwebinvestor-00004-xug,bfnwebinvestor,2020-01-29T13:39:31.116468Z,00bf4bf02d29e83b514ccb2fd7851ccc7884ce4042e7df82fadade231b227a821fadbac7956b370b2cbe2a1a894432f7cb92d96e1964ed042344a45b86,projects/bfn-mobile-backend/logs/run.googleapis.com%2Fstdout,2020-01-29T13:39:31.348928764Z,,,,,,,,,,,,
"[m[37mI 13:39:31 1 RequestMappingHandlerMapping.register - Mapped ""{[/error]}"" onto public org.springframework.http.ResponseEntity<java.util.Map<java.lang.String, java.lang.Object>> org.springframework.boot.autoconfigure.web.servlet.error.BasicErrorController.error(javax.servlet.http.HttpServletRequest)",5e318b1300000ebe2e377b4b,cloud_run_revision,europe-west1,bfnwebinvestor,bfn-mobile-backend,bfnwebinvestor-00004-xug,bfnwebinvestor,2020-01-29T13:39:31.003774Z,00bf4bf02d29e83b514ccb2fd7851ccc7884ce4042e7df82fadade231b227a821fadbac7956b370b2cbe2a1a894432f7cb92d96e1964ed042344a45b86,projects/bfn-mobile-backend/logs/run.googleapis.com%2Fstdout,2020-01-29T13:39:31.014728564Z,,,,,,,,,,,,
"[m[37mI 13:39:31 1 RequestMappingHandlerMapping.register - Mapped ""{[/error],produces=[text/html]}"" onto public org.springframework.web.servlet.ModelAndView org.springframework.boot.autoconfigure.web.servlet.error.BasicErrorController.errorHtml(javax.servlet.http.HttpServletRequest,javax.servlet.http.HttpServletResponse)",5e318b1300000e8fd34ebf8e,cloud_run_revision,europe-west1,bfnwebinvestor,bfn-mobile-backend,bfnwebinvestor-00004-xug,bfnwebinvestor,2020-01-29T13:39:31.003727Z,00bf4bf02d29e83b514ccb2fd7851ccc7884ce4042e7df82fadade231b227a821fadbac7956b370b2cbe2a1a894432f7cb92d96e1964ed042344a45b86,projects/bfn-mobile-backend/logs/run.googleapis.com%2Fstdout,2020-01-29T13:39:31.014728564Z,,,,,,,,,,,,
"[m[37mI 13:39:30 1 RequestMappingHandlerMapping.register - Mapped ""{[/admin/startAccountRegistrationFlow],methods=[POST],produces=[application/json]}"" onto private final com.bfn.client.dto.AccountInfoDTO com.bfn.client.web.AdminController.startAccountRegistrationFlow(com.bfn.client.dto.UserDTO) throws java.lang.Exception",5e318b12000f3dbd0596e766,cloud_run_revision,europe-west1,bfnwebinvestor,bfn-mobile-backend,bfnwebinvestor-00004-xug,bfnwebinvestor,2020-01-29T13:39:30.998845Z,00bf4bf02d29e83b514ccb2fd7851ccc7884ce4042e7df82fadade231b227a821fadbac7956b370b2cbe2a1a894432f7cb92d96e1964ed042344a45b86,projects/bfn-mobile-backend/logs/run.googleapis.com%2Fstdout,2020-01-29T13:39:31.014728564Z,,,,,,,,,,,,
"[m[37mI 13:39:30 1 RequestMappingHandlerMapping.register - Mapped ""{[/admin/writeNodesToFirestore],methods=[GET]}"" onto public final java.util.List<com.bfn.client.dto.NodeInfoDTO> com.bfn.client.web.AdminController.writeNodesToFirestore(int) throws java.lang.Exception",5e318b12000f3aa99bfa0d21,cloud_run_revision,europe-west1,bfnwebinvestor,bfn-mobile-backend,bfnwebinvestor-00004-xug,bfnwebinvestor,2020-01-29T13:39:30.998057Z,00bf4bf02d29e83b514ccb2fd7851ccc7884ce4042e7df82fadade231b227a821fadbac7956b370b2cbe2a1a894432f7cb92d96e1964ed042344a45b86,projects/bfn-mobile-backend/logs/run.googleapis.com%2Fstdout,2020-01-29T13:39:31.014728564Z,,,,,,,,,,,,
"[m[37mI 13:39:30 1 RequestMappingHandlerMapping.register - Mapped ""{[/admin/getAccount],methods=[GET]}"" onto public final com.bfn.client.dto.AccountInfoDTO com.bfn.client.web.AdminController.getAccount(java.lang.String) throws java.lang.Exception",5e318b12000f3814f594333c,cloud_run_revision,europe-west1,bfnwebinvestor,bfn-mobile-backend,bfnwebinvestor-00004-xug,bfnwebinvestor,2020-01-29T13:39:30.997396Z,00bf4bf02d29e83b514ccb2fd7851ccc7884ce4042e7df82fadade231b227a821fadbac7956b370b2cbe2a1a894432f7cb92d96e1964ed042344a45b86,projects/bfn-mobile-backend/logs/run.googleapis.com%2Fstdout,2020-01-29T13:39:31.014728564Z,,,,,,,,,,,,
"[m[37mI 13:39:30 1 RequestMappingHandlerMapping.register - Mapped ""{[/admin/findInvoicesForSupplier],methods=[GET]}"" onto public final java.util.List<com.bfn.client.dto.InvoiceDTO> com.bfn.client.web.AdminController.findInvoicesForSupplier(java.lang.String) throws java.lang.Exception",5e318b12000f35cc866c6f3e,cloud_run_revision,europe-west1,bfnwebinvestor,bfn-mobile-backend,bfnwebinvestor-00004-xug,bfnwebinvestor,2020-01-29T13:39:30.996812Z,00bf4bf02d29e83b514ccb2fd7851ccc7884ce4042e7df82fadade231b227a821fadbac7956b370b2cbe2a1a894432f7cb92d96e1964ed042344a45b86,projects/bfn-mobile-backend/logs/run.googleapis.com%2Fstdout,2020-01-29T13:39:31.014728564Z,,,,,,,,,,,,
"[m[37mI 13:39:30 1 RequestMappingHandlerMapping.register - Mapped ""{[/admin/findInvoicesForCustomer],methods=[GET]}"" onto public final java.util.List<com.bfn.client.dto.InvoiceDTO> com.bfn.client.web.AdminController.findInvoicesForCustomer(java.lang.String) throws java.lang.Exception",5e318b12000f3237bcf805b1,cloud_run_revision,europe-west1,bfnwebinvestor,bfn-mobile-backend,bfnwebinvestor-00004-xug,bfnwebinvestor,2020-01-29T13:39:30.995895Z,00bf4bf02d29e83b514ccb2fd7851ccc7884ce4042e7df82fadade231b227a821fadbac7956b370b2cbe2a1a894432f7cb92d96e1964ed042344a45b86,projects/bfn-mobile-backend/logs/run.googleapis.com%2Fstdout,2020-01-29T13:39:31.014728564Z,,,,,,,,,,,,
"[m[37mI 13:39:30 1 RequestMappingHandlerMapping.register - Mapped ""{[/admin/notaries],methods=[GET],produces=[application/json]}"" onto private final java.util.List<java.lang.String> com.bfn.client.web.AdminController.listNotaries()",5e318b12000f2f482a58dbad,cloud_run_revision,europe-west1,bfnwebinvestor,bfn-mobile-backend,bfnwebinvestor-00004-xug,bfnwebinvestor,2020-01-29T13:39:30.995144Z,00bf4bf02d29e83b514ccb2fd7851ccc7884ce4042e7df82fadade231b227a821fadbac7956b370b2cbe2a1a894432f7cb92d96e1964ed042344a45b86,projects/bfn-mobile-backend/logs/run.googleapis.com%2Fstdout,2020-01-29T13:39:31.014728564Z,,,,,,,,,,,,
"[m[37mI 13:39:30 1 RequestMappingHandlerMapping.register - Mapped ""{[/admin/nodes],methods=[GET],produces=[application/json]}"" onto public final java.util.List<com.bfn.client.dto.NodeInfoDTO> com.bfn.client.web.AdminController.listNodes()",5e318b12000f2c66ea559f70,cloud_run_revision,europe-west1,bfnwebinvestor,bfn-mobile-backend,bfnwebinvestor-00004-xug,bfnwebinvestor,2020-01-29T13:39:30.994406Z,00bf4bf02d29e83b514ccb2fd7851ccc7884ce4042e7df82fadade231b227a821fadbac7956b370b2cbe2a1a894432f7cb92d96e1964ed042344a45b86,projects/bfn-mobile-backend/logs/run.googleapis.com%2Fstdout,2020-01-29T13:39:31.014728564Z,,,,,,,,,,,,
"[m[37mI 13:39:30 1 RequestMappingHandlerMapping.register - Mapped ""{[/admin/getDashboardData],methods=[GET],produces=[application/json]}"" onto private final com.bfn.client.dto.DashboardData com.bfn.client.web.AdminController.getDashboardData()",5e318b12000f2c5653652b91,cloud_run_revision,europe-west1,bfnwebinvestor,bfn-mobile-backend,bfnwebinvestor-00004-xug,bfnwebinvestor,2020-01-29T13:39:30.994390Z,00bf4bf02d29e83b514ccb2fd7851ccc7884ce4042e7df82fadade231b227a821fadbac7956b370b2cbe2a1a894432f7cb92d96e1964ed042344a45b86,projects/bfn-mobile-backend/logs/run.googleapis.com%2Fstdout,2020-01-29T13:39:31.014728564Z,,,,,,,,,,,,
"[m[37mI 13:39:30 1 RequestMappingHandlerMapping.register - Mapped ""{[/admin/getInvoicesAcrossNodes],methods=[GET],produces=[application/json]}"" onto private final java.util.List<com.bfn.client.dto.InvoiceDTO> com.bfn.client.web.AdminController.getInvoicesAcrossNodes() throws java.lang.Exception",5e318b12000f2c456e959b82,cloud_run_revision,europe-west1,bfnwebinvestor,bfn-mobile-backend,bfnwebinvestor-00004-xug,bfnwebinvestor,2020-01-29T13:39:30.994373Z,00bf4bf02d29e83b514ccb2fd7851ccc7884ce4042e7df82fadade231b227a821fadbac7956b370b2cbe2a1a894432f7cb92d96e1964ed042344a45b86,projects/bfn-mobile-backend/logs/run.googleapis.com%2Fstdout,2020-01-29T13:39:31.014728564Z,,,,,,,,,,,,
"[m[37mI 13:39:30 1 RequestMappingHandlerMapping.register - Mapped ""{[/admin/createAnchor],methods=[POST],produces=[application/json]}"" onto private final com.bfn.client.dto.AnchorDTO com.bfn.client.web.AdminController.createAnchor(com.bfn.client.dto.AnchorDTO) throws java.lang.Exception",5e318b12000f2c310208c06b,cloud_run_revision,europe-west1,bfnwebinvestor,bfn-mobile-backend,bfnwebinvestor-00004-xug,bfnwebinvestor,2020-01-29T13:39:30.994353Z,00bf4bf02d29e83b514ccb2fd7851ccc7884ce4042e7df82fadade231b227a821fadbac7956b370b2cbe2a1a894432f7cb92d96e1964ed042344a45b86,projects/bfn-mobile-backend/logs/run.googleapis.com%2Fstdout,2020-01-29T13:39:31.014728564Z,,,,,,,,,,,,
"[m[37mI 13:39:30 1 RequestMappingHandlerMapping.register - Mapped ""{[/admin/getSupplierProfile],methods=[GET]}"" onto public final com.bfn.client.dto.SupplierProfileStateDTO com.bfn.client.web.AdminController.getSupplierProfile(java.lang.String) throws java.lang.Exception",5e318b12000f2c0b9bf65bdb,cloud_run_revision,europe-west1,bfnwebinvestor,bfn-mobile-backend,bfnwebinvestor-00004-xug,bfnwebinvestor,2020-01-29T13:39:30.994315Z,00bf4bf02d29e83b514ccb2fd7851ccc7884ce4042e7df82fadade231b227a821fadbac7956b370b2cbe2a1a894432f7cb92d96e1964ed042344a45b86,projects/bfn-mobile-backend/logs/run.googleapis.com%2Fstdout,2020-01-29T13:39:31.014728564Z,,,,,,,,,,,,
"[m[37mI 13:39:30 1 RequestMappingHandlerMapping.register - Mapped ""{[/admin/makeInvoiceOffers],methods=[GET]}"" onto public final java.util.List<com.bfn.client.dto.InvoiceOfferDTO> com.bfn.client.web.AdminController.makeInvoiceOffers(java.lang.String) throws java.lang.Exception",5e318b12000f1dc367c04dac,cloud_run_revision,europe-west1,bfnwebinvestor,bfn-mobile-backend,bfnwebinvestor-00004-xug,bfnwebinvestor,2020-01-29T13:39:30.990659Z,00bf4bf02d29e83b514ccb2fd7851ccc7884ce4042e7df82fadade231b227a821fadbac7956b370b2cbe2a1a894432f7cb92d96e1964ed042344a45b86,projects/bfn-mobile-backend/logs/run.googleapis.com%2Fstdout,2020-01-29T13:39:31.014728564Z,,,,,,,,,,,,
"[m[37mI 13:39:30 1 RequestMappingHandlerMapping.register - Mapped ""{[/admin/selectBestOffers],methods=[GET]}"" onto public final java.util.List<com.bfn.client.dto.OfferAndTokenDTO> com.bfn.client.web.AdminController.selectBestOffers() throws java.lang.Exception",5e318b12000f1cf6e8acec86,cloud_run_revision,europe-west1,bfnwebinvestor,bfn-mobile-backend,bfnwebinvestor-00004-xug,bfnwebinvestor,2020-01-29T13:39:30.990454Z,00bf4bf02d29e83b514ccb2fd7851ccc7884ce4042e7df82fadade231b227a821fadbac7956b370b2cbe2a1a894432f7cb92d96e1964ed042344a45b86,projects/bfn-mobile-backend/logs/run.googleapis.com%2Fstdout,2020-01-29T13:39:31.014728564Z,,,,,,,,,,,,
"[m[37mI 13:39:30 1 RequestMappingHandlerMapping.register - Mapped ""{[/admin/flows],methods=[GET],produces=[application/json]}"" onto private final java.util.List<java.lang.String> com.bfn.client.web.AdminController.listFlows()",5e318b12000f17f28f77f511,cloud_run_revision,europe-west1,bfnwebinvestor,bfn-mobile-backend,bfnwebinvestor-00004-xug,bfnwebinvestor,2020-01-29T13:39:30.989170Z,00bf4bf02d29e83b514ccb2fd7851ccc7884ce4042e7df82fadade231b227a821fadbac7956b370b2cbe2a1a894432f7cb92d96e1964ed042344a45b86,projects/bfn-mobile-backend/logs/run.googleapis.com%2Fstdout,2020-01-29T13:39:31.014728564Z,,,,,,,,,,,,
"[m[37mI 13:39:30 1 RequestMappingHandlerMapping.register - Mapped ""{[/admin/findOffersForNode],methods=[GET]}"" onto public final java.util.List<com.bfn.client.dto.InvoiceOfferDTO> com.bfn.client.web.AdminController.findOffersForNode() throws java.lang.Exception",5e318b12000f173a4af965cc,cloud_run_revision,europe-west1,bfnwebinvestor,bfn-mobile-backend,bfnwebinvestor-00004-xug,bfnwebinvestor,2020-01-29T13:39:30.988986Z,00bf4bf02d29e83b514ccb2fd7851ccc7884ce4042e7df82fadade231b227a821fadbac7956b370b2cbe2a1a894432f7cb92d96e1964ed042344a45b86,projects/bfn-mobile-backend/logs/run.googleapis.com%2Fstdout,2020-01-29T13:39:31.014728564Z,,,,,,,,,,,,
"[m[37mI 13:39:30 1 RequestMappingHandlerMapping.register - Mapped ""{[/admin/findOffersForSupplier],methods=[GET]}"" onto public final java.util.List<com.bfn.client.dto.InvoiceOfferDTO> com.bfn.client.web.AdminController.findOffersForSupplier(java.lang.String) throws java.lang.Exception",5e318b12000f13a2c9fbebfa,cloud_run_revision,europe-west1,bfnwebinvestor,bfn-mobile-backend,bfnwebinvestor-00004-xug,bfnwebinvestor,2020-01-29T13:39:30.988066Z,00bf4bf02d29e83b514ccb2fd7851ccc7884ce4042e7df82fadade231b227a821fadbac7956b370b2cbe2a1a894432f7cb92d96e1964ed042344a45b86,projects/bfn-mobile-backend/logs/run.googleapis.com%2Fstdout,2020-01-29T13:39:31.014728564Z,,,,,,,,,,,,
"[m[37mI 13:39:30 1 RequestMappingHandlerMapping.register - Mapped ""{[/admin/findOffersForInvestor],methods=[GET]}"" onto public final java.util.List<com.bfn.client.dto.InvoiceOfferDTO> com.bfn.client.web.AdminController.findOffersForInvestor(java.lang.String) throws java.lang.Exception",5e318b12000f1179fae8f170,cloud_run_revision,europe-west1,bfnwebinvestor,bfn-mobile-backend,bfnwebinvestor-00004-xug,bfnwebinvestor,2020-01-29T13:39:30.987513Z,00bf4bf02d29e83b514ccb2fd7851ccc7884ce4042e7df82fadade231b227a821fadbac7956b370b2cbe2a1a894432f7cb92d96e1964ed042344a45b86,projects/bfn-mobile-backend/logs/run.googleapis.com%2Fstdout,2020-01-29T13:39:31.014728564Z,,,,,,,,,,,,
"[m[37mI 13:39:30 1 RequestMappingHandlerMapping.register - Mapped ""{[/admin/findInvoicesForInvestor],methods=[GET]}"" onto public final java.util.List<com.bfn.client.dto.InvoiceDTO> com.bfn.client.web.AdminController.findInvoicesForInvestor(java.lang.String) throws java.lang.Exception",5e318b12000e2e41820a21a4,cloud_run_revision,europe-west1,bfnwebinvestor,bfn-mobile-backend,bfnwebinvestor-00004-xug,bfnwebinvestor,2020-01-29T13:39:30.929345Z,00bf4bf02d29e83b514ccb2fd7851ccc7884ce4042e7df82fadade231b227a821fadbac7956b370b2cbe2a1a894432f7cb92d96e1964ed042344a45b86,projects/bfn-mobile-backend/logs/run.googleapis.com%2Fstdout,2020-01-29T13:39:31.014728564Z,,,,,,,,,,,,
"[m[37mI 13:39:30 1 RequestMappingHandlerMapping.register - Mapped ""{[/admin/findInvoicesForNode],methods=[GET]}"" onto public final java.util.List<com.bfn.client.dto.InvoiceDTO> com.bfn.client.web.AdminController.findInvoicesForNode() throws java.lang.Exception",5e318b12000e2b8279f0cc84,cloud_run_revision,europe-west1,bfnwebinvestor,bfn-mobile-backend,bfnwebinvestor-00004-xug,bfnwebinvestor,2020-01-29T13:39:30.928642Z,00bf4bf02d29e83b514ccb2fd7851ccc7884ce4042e7df82fadade231b227a821fadbac7956b370b2cbe2a1a894432f7cb92d96e1964ed042344a45b86,projects/bfn-mobile-backend/logs/run.googleapis.com%2Fstdout,2020-01-29T13:39:31.014728564Z,,,,,,,,,,,,